{"cameraMode":{"drawMode":0,"name":"Shaded","section":"Shading Mode"},"sceneLighting":true,"audioPlay":false,"sceneViewState":{"showFog":false,"showMaterialUpdate":false,"showSkybox":false,"showFlares":false,"showImageEffects":false,"showParticleSystems":false},"in2DMode":false,"pivot":{"x":-2.54720139503479,"y":1.7140655517578126,"z":-1.7659274339675904},"rotation":{"x":-0.28452011942863467,"y":0.6300349831581116,"z":-0.26697608828544619,"w":-0.6714373826980591},"size":9.728261947631836,"orthographic":false}